title,text,label
Breaking news claim says a government agency secretly banned sunlight and announced a citywide blackout that will begin tonight.,Breaking news claim says a government agency secretly banned sunlight and announced a citywide blackout that will begin tonight.,fake
An anonymous viral post says a famous celebrity was arrested in a secret operation and the truth is being hidden by all media outlets.,An anonymous viral post says a famous celebrity was arrested in a secret operation and the truth is being hidden by all media outlets.,fake
Experts warned that a mysterious chemical in drinking water can instantly turn people into zombies according to a leaked memo from a private lab.,Experts warned that a mysterious chemical in drinking water can instantly turn people into zombies according to a leaked memo from a private lab.,fake
A hoax message claims a local mayor personally signed an emergency order to shut down all grocery stores before dawn tomorrow.,A hoax message claims a local mayor personally signed an emergency order to shut down all grocery stores before dawn tomorrow.,fake
A viral rumor says a hidden underground tunnel connects schools to a secret government base and was captured on a blurry video.,A viral rumor says a hidden underground tunnel connects schools to a secret government base and was captured on a blurry video.,fake
A celebrity influencer posted a false story claiming a major airline lost a passenger plane and officials covered it up within hours.,A celebrity influencer posted a false story claiming a major airline lost a passenger plane and officials covered it up within hours.,fake
Conspiracy accounts say satellite images prove the moon landing was staged and the government erased the original footage years ago.,Conspiracy accounts say satellite images prove the moon landing was staged and the government erased the original footage years ago.,fake
A fake alert circulated online claiming a new law would remove all household electricity and give free batteries to selected families only.,A fake alert circulated online claiming a new law would remove all household electricity and give free batteries to selected families only.,fake
A social media trend claimed a celebrity doctor discovered a miracle cure and quietly banned all traditional treatments in hospitals.,A social media trend claimed a celebrity doctor discovered a miracle cure and quietly banned all traditional treatments in hospitals.,fake
A fabricated headline says a well-known city was evacuated after a hidden underground river exploded beneath the downtown district.,A fabricated headline says a well-known city was evacuated after a hidden underground river exploded beneath the downtown district.,fake
